overlay|act-led|overlays/act-led.dtbo|c03eb551455ecb3e314b4d8102d07067da33ac289dd70bfaff205e0297db823f|589|act-led
overlay|adafruit-st7735r|overlays/adafruit-st7735r.dtbo|17f970830c76f7c42c274c4dc40582009358a80051e9a41d04de24adf19d1b0c|2285|adafruit-st7735r
overlay|adafruit18|overlays/adafruit18.dtbo|a3cd3d141bd30a3c61b6cc54489c3747c52668b0e85e003f854a2389af1c72ea|1624|adafruit18
overlay|adau1977-adc|overlays/adau1977-adc.dtbo|ac4f9e9fac0feb38aa09c1edeac64c74a5c339147e2ce01e2f6f82bed94e4ce1|1041|adau1977-adc
overlay|adau7002-simple|overlays/adau7002-simple.dtbo|0077f1b7f015ae727387db49d11dc7f78ebec37ba7c35e45c76f1c56821b640a|1600|adau7002-simple
overlay|ads1015|overlays/ads1015.dtbo|451c3ad2f2cfb772dccf5dd1fb6dd202e30e1b3961a61a97e0d5649d7a06f0f3|2517|ads1015
overlay|ads1115|overlays/ads1115.dtbo|bfddba3b9f828fb408d8c6d39347089d028ebc406e29f65fc2aa8d0808206f0e|4036|ads1115
overlay|ads7846|overlays/ads7846.dtbo|e154ac6ec08521c7e75e625e7382905eec35e0f75640c0a8c8d0e415b119b49c|2540|ads7846
overlay|adv7282m|overlays/adv7282m.dtbo|2ef63ef2ad2fe5f4caff9cceda8193df4021084a8c8d60711c2f0dde47668a34|1807|adv7282m
overlay|adv728x-m|overlays/adv728x-m.dtbo|92f6f609f3c0c08f570ae0aa7bce9281dcec844aa6e3322df6dee3f8e04d4c6a|2291|adv728x-m
overlay|akkordion-iqdacplus|overlays/akkordion-iqdacplus.dtbo|d97c3937882bff38e90eebe1d2298cc99705f1c08d17d2053b2a7e851d5987c5|1400|akkordion-iqdacplus
overlay|allo-boss-dac-pcm512x-audio|overlays/allo-boss-dac-pcm512x-audio.dtbo|1017108037275d0ea7aabf87dddda6f1e2c3f2e2e706ee1cdf5b5e17a1bb4814|1657|allo-boss-dac-pcm512x-audio
overlay|allo-boss2-dac-audio|overlays/allo-boss2-dac-audio.dtbo|d621fb9ea9a1babcf3cf30be04cc525ff6fd04f0786f93916bd4812b44fae08f|1845|allo-boss2-dac-audio
overlay|allo-digione|overlays/allo-digione.dtbo|513857551d12efc4509ae973c22238681981aff2a3e0a49469d9c44657d5350f|1221|allo-digione
overlay|allo-katana-dac-audio|overlays/allo-katana-dac-audio.dtbo|ec3b4f337f7e5f13b084d42c04e8523d397798624416573ab0660bf6ba8695d3|1704|allo-katana-dac-audio
overlay|allo-piano-dac-pcm512x-audio|overlays/allo-piano-dac-pcm512x-audio.dtbo|793c61cd9689608f82dc4caa7aa953d66fbcfe61acdbb3655d4a11b704db7f15|1024|allo-piano-dac-pcm512x-audio
overlay|allo-piano-dac-plus-pcm512x-audio|overlays/allo-piano-dac-plus-pcm512x-audio.dtbo|e113a8eecbfc5ba5a337156182568736b98f6f63af5f7aa4856fdd2ddf64bfc5|1652|allo-piano-dac-plus-pcm512x-audio
overlay|anyspi|overlays/anyspi.dtbo|b37d27d4f2dfa80dd71cadb0271eff01ffa8fd2fb9cb4bf3fc04336fc2ad3dbb|3895|anyspi
overlay|apds9960|overlays/apds9960.dtbo|0567878a5923db6e2e4f73b7db3a6bd1bd6d509005d8a29f05cf6faf5fcad18f|1322|apds9960
overlay|applepi-dac|overlays/applepi-dac.dtbo|7d17d66c52685c49a56a12ac981a6e17f07eed9e6978999579e8865ab1ab8dc5|1467|applepi-dac
overlay|arducam-64mp|overlays/arducam-64mp.dtbo|20e5716fb21e85c4b749a4f88de200725ac8e6dc6efdb8c0208863af571525f4|3561|arducam-64mp
overlay|arducam-pivariety|overlays/arducam-pivariety.dtbo|2c91229be154b1ca6e7bbe0cd0d2cf0a1334380329e7a135afee98edf7532f59|3095|arducam-pivariety
overlay|at86rf233|overlays/at86rf233.dtbo|10da72068484dea7c1b4c34d2400d9144cb508f01561a5c3f6f419c77c0df4de|1319|at86rf233
overlay|audioinjector-addons|overlays/audioinjector-addons.dtbo|25de9708215ff0c22ee6efd31a0e069c22330e3a30f1185da2c1bda7131bcd3f|1879|audioinjector-addons
overlay|audioinjector-bare-i2s|overlays/audioinjector-bare-i2s.dtbo|e5c5140a908e2213b18078efa819bc3d59616981e8ded7ca84aaebec8c996dc6|1516|audioinjector-bare-i2s
overlay|audioinjector-isolated-soundcard|overlays/audioinjector-isolated-soundcard.dtbo|e8b720fb68ce40266d2a9af5f9e823f81aaf50aad6e63ac7dd2a6396f7764c86|1615|audioinjector-isolated-soundcard
overlay|audioinjector-ultra|overlays/audioinjector-ultra.dtbo|0623afdcfcf3e3bdc8c8316ce60a7cd8a83e44093403abd1c885e12e5dd8521f|1903|audioinjector-ultra
overlay|audioinjector-wm8731-audio|overlays/audioinjector-wm8731-audio.dtbo|2d19b5246502cfd59c1e4d5304fcc0cee2552a65c0e320823dbd0e65a507b254|800|audioinjector-wm8731-audio
overlay|audiosense-pi|overlays/audiosense-pi.dtbo|d41cb60b6d6ae4e9eba26c46a1af8c0aecae00536abc738a9267d126b5183862|1974|audiosense-pi
overlay|audremap-pi5|overlays/audremap-pi5.dtbo|f0d4442cc6e237cf6618cbbd1e80e4d308721018b547a646084acfad087b8d2d|1834|audremap-pi5
overlay|audremap|overlays/audremap.dtbo|f6736690a19e6979e0d509aecc515d1b40d2146f0a5e9d36cfa52d3c703899a1|1155|audremap
overlay|balena-fin|overlays/balena-fin.dtbo|c9ad16f58cd95dcb8e2417e456133571583cf045a6dc791d4b2227ecdaa62aa6|2935|balena-fin
overlay|bcm2712d0|overlays/bcm2712d0.dtbo|b73210c9256ff4b4963365f9acc49c0f7449f17eeddf21355e23dd011da899ec|1363|bcm2712d0
overlay|camera-mux-2port|overlays/camera-mux-2port.dtbo|5d407939bb2305f49ec3fb4a4398f0c064c6f32652397417bf4d014184de9274|28797|camera-mux-2port
overlay|camera-mux-4port|overlays/camera-mux-4port.dtbo|d01ff09168656bf8a8974c5008282eff94cfc6b691bfa291b77d7f337937a007|54218|camera-mux-4port
overlay|cap1106|overlays/cap1106.dtbo|fe8d8ca9bd1102849b8090ac3ae0698a1be67af918d3031b26b227e72720684d|1313|cap1106
overlay|chipcap2|overlays/chipcap2.dtbo|321560a3b346c66000075e506e74775375076a9680347fa4d9000f4514e2eef0|1532|chipcap2
overlay|chipdip-dac|overlays/chipdip-dac.dtbo|075c127034400847cd49598dc3a8fe2747ff01d8053419193966b23fb7a37803|1246|chipdip-dac
overlay|cirrus-wm5102|overlays/cirrus-wm5102.dtbo|219e078bf39c5d2ea58e0bea58f8e4f9a83a759c653f4438f17e228f57429093|4094|cirrus-wm5102
overlay|cm-swap-i2c0|overlays/cm-swap-i2c0.dtbo|85577e524cfb8f650249c7c6ab8406aac9de1cb617827085943f80256080223e|1175|cm-swap-i2c0
overlay|cma|overlays/cma.dtbo|7afd322be2b90648ea9c5df4a297bf5588f7b47f6071fad31387f631c9cc7610|964|cma
overlay|crystalfontz-cfa050_pi_m|overlays/crystalfontz-cfa050_pi_m.dtbo|8e4f754c572c791b6096859235593e1582ac392a2bb98b58b4037e21ecaf70e3|3702|crystalfontz-cfa050_pi_m
overlay|cutiepi-panel|overlays/cutiepi-panel.dtbo|24776b0a269b6be2d9f3a32ba6f7bfa7ff7239c6d6ad3b5df519810e634cab3e|3479|cutiepi-panel
overlay|dacberry400|overlays/dacberry400.dtbo|2f9b32240aa55e236b0931e4d1dac16fedf30d806cbf4f6e4e4a478b2af4ae9b|1712|dacberry400
overlay|dht11|overlays/dht11.dtbo|f0c918560113f6da74dbe93c2134b7804718803a9f2a431f6b63ec313e7180fa|1281|dht11
overlay|dionaudio-kiwi|overlays/dionaudio-kiwi.dtbo|c85f06313952465e3533f71610fcb9f82e55a08d827bbdcf20d9fd366624e571|672|dionaudio-kiwi
overlay|dionaudio-loco-v2|overlays/dionaudio-loco-v2.dtbo|8e78969b4def9d8f37cf878ad1e2c9835b39e7ec3e88943401dbb97c9f6a6083|1040|dionaudio-loco-v2
overlay|dionaudio-loco|overlays/dionaudio-loco.dtbo|ad2eb06fe150abda18a0243a54d4d16b70e9be989c0922c9f6889174720c1607|676|dionaudio-loco
overlay|disable-bt-pi5|overlays/disable-bt-pi5.dtbo|aa13a7df374e3289141c04d3e5201e0a5670400b9445107882c726417e681bfb|271|disable-bt-pi5
overlay|disable-bt|overlays/disable-bt.dtbo|ea69d22dedc607fee75eec57d8a4cc0f0eab93cd75393e61a64c49fbac912d02|1073|disable-bt
overlay|disable-emmc2|overlays/disable-emmc2.dtbo|c4e738b4931e62c3fa89b0ccba80cb0d3a4c0c78222afdb1c26d852dec9f45b9|267|disable-emmc2
overlay|disable-wifi-pi5|overlays/disable-wifi-pi5.dtbo|a7879d76c24469384498c94e6b2284951137b271894f65264003208c681ffd21|267|disable-wifi-pi5
overlay|disable-wifi|overlays/disable-wifi.dtbo|86aa3709da415b8be306aacfe2b0261a601e2e0b2523281d5eb72093b379d892|387|disable-wifi
overlay|dpi18|overlays/dpi18.dtbo|515902804c74707f83e22af57e6ae04b69bbcb86ede636a42ba3c10c8a688e15|951|dpi18
overlay|dpi18cpadhi|overlays/dpi18cpadhi.dtbo|fe4add1a8262fb559dbafda5379d19104ba7023651815fe2c64cf70c959d0978|532|dpi18cpadhi
overlay|dpi24|overlays/dpi24.dtbo|576b1019b96811c2a09297395554133edd33951ac22b01c59a39194564d51e68|975|dpi24
overlay|draws|overlays/draws.dtbo|cd7583f622a2e1312c45d7293a94eb39448a9178a8bc65a4c673a352fa10c131|5976|draws
overlay|dwc-otg-deprecated|overlays/dwc-otg-deprecated.dtbo|fab3a40aefedcea151cdfeb45bbc30e24e265da6036220b89ad9d7d77d991e70|293|dwc-otg-deprecated
overlay|dwc2|overlays/dwc2.dtbo|3e6f8e33e5749bcb2a5c7808b48123e65e88fc465d64ec16b74d50ffe5037e34|801|dwc2
overlay|edt-ft5406|overlays/edt-ft5406.dtbo|8e89ad62ca2d6988b493fb48d3d2173ab6a65372b7338689f9ecd3876e68f620|2648|edt-ft5406
overlay|enc28j60-spi2|overlays/enc28j60-spi2.dtbo|3b39809b1460719ef9ec3dded35a0c0a1222d9a6fa7ff76b022aec62c5279cac|1279|enc28j60-spi2
overlay|enc28j60|overlays/enc28j60.dtbo|a9b96226535f1ef88f28037873e23ddfb446db7b8220eda7597c112c8fbf0469|1403|enc28j60
overlay|exc3000|overlays/exc3000.dtbo|0fb65be3d40290fd42e6be89cf86d0f1e5f970d6931403750b2f621807be5019|1562|exc3000
overlay|ezsound-6x8iso|overlays/ezsound-6x8iso.dtbo|0a7f0dcae5e6673e572310214fd733fb448e7d611e3063b9880236badc8b67f0|3773|ezsound-6x8iso
overlay|fbtft|overlays/fbtft.dtbo|f78a3ea72dd1831504e59e6467bc30659e61caa051424d9cba00e3c835c7761c|12764|fbtft
overlay|fe-pi-audio|overlays/fe-pi-audio.dtbo|03aaa80c0f501daca9f86700b51c6c1f12282c8d6e38be170f86f85a3bd3cc9a|1917|fe-pi-audio
overlay|fsm-demo|overlays/fsm-demo.dtbo|e76fb032612beb3f59d350d0ee35f1755a1c3663312817cecb50282cedcde0a8|1953|fsm-demo
overlay|gc9a01|overlays/gc9a01.dtbo|ee2f5ef6b87833876861292b4057d13bcb70489b3360323186218d12bf1120af|2564|gc9a01
overlay|ghost-amp|overlays/ghost-amp.dtbo|bf3a0c3564f873f18a003a7f190d2f35545806a99ed1bb46b748991fa2da14d4|3277|ghost-amp
overlay|goodix|overlays/goodix.dtbo|ce3641c8b5641bf23562953c2740e181d52a0de301c87469cda3f4ce346a7103|1604|goodix
overlay|googlevoicehat-soundcard|overlays/googlevoicehat-soundcard.dtbo|2e62f2fc07c000b6496cd8eb12a37157d72216d5e2bac8063f0e005341a6b891|1272|googlevoicehat-soundcard
overlay|gpio-charger|overlays/gpio-charger.dtbo|032ee345e1ca276691f3dcd680ea65a0e6641439bd7fa849e110e7f72d15c43e|1184|gpio-charger
overlay|gpio-fan|overlays/gpio-fan.dtbo|6afc3c9be91f5b1cadc528d329a00648eacb280dfa822283e15c5db88a080fd0|1455|gpio-fan
overlay|gpio-hog|overlays/gpio-hog.dtbo|1e352154866fe17e00f10a9202c0bc7100d8deb65b03cd0494c2018c160c762f|621|gpio-hog
overlay|gpio-ir-tx|overlays/gpio-ir-tx.dtbo|002e452a750d34d8061a46a663173dff3f5dc6c9482723ee2d9bb2023513f2b7|1096|gpio-ir-tx
overlay|gpio-ir|overlays/gpio-ir.dtbo|08e37cbd9f457b43dc2778d08c77a4ec1a54991db1e28e81472962b798b0eda1|1259|gpio-ir
overlay|gpio-key|overlays/gpio-key.dtbo|325009739aebdd46047a26e52597536148fa904dde82da665481092825348d8a|1428|gpio-key
overlay|gpio-led|overlays/gpio-led.dtbo|f2a6730dfa98f90f08d46782c74af9e48db506f83ba91807d8ddc96994a83b58|1298|gpio-led
overlay|gpio-no-bank0-irq|overlays/gpio-no-bank0-irq.dtbo|6d49b87dd2dc439db2bc165db78a461f9c97368ab9d7c3d803c4e83634a96f6e|274|gpio-no-bank0-irq
overlay|gpio-no-irq|overlays/gpio-no-irq.dtbo|23ed56face6f1ecfd61b4c0bdaa8c013467bf45a188056f1951da134b7100ad6|258|gpio-no-irq
overlay|gpio-poweroff|overlays/gpio-poweroff.dtbo|02ac99c7d274d6729ea5b61cb34eb9f16c7e274c81c66de022baec523b937cb2|924|gpio-poweroff
overlay|gpio-shutdown|overlays/gpio-shutdown.dtbo|b8acb53c7e6924c8d2e6a86616e66775c701ee4835e9c51d68b8aa0f029664cb|1462|gpio-shutdown
overlay|hd44780-i2c-lcd|overlays/hd44780-i2c-lcd.dtbo|99aa81843a3652871595e859412b57f573d625678b6d8785edb961cd32fbf19f|1951|hd44780-i2c-lcd
overlay|hd44780-lcd|overlays/hd44780-lcd.dtbo|de012c3aa1f6dff14eece40a8b98bae439342ff542242d3eac9444033bcfc549|1662|hd44780-lcd
overlay|hdmi-backlight-hwhack-gpio|overlays/hdmi-backlight-hwhack-gpio.dtbo|e036e093eca7a12dd624ee90a8f58651c73e38cf0bf4c8f78af7ea9d30e444f8|1166|hdmi-backlight-hwhack-gpio
overlay|hifiberry-adc|overlays/hifiberry-adc.dtbo|b91e6c2e23644eedbe531d566bd276c578b91a7b2d3b3adf045a093867db2bd3|1182|hifiberry-adc
overlay|hifiberry-adc8x|overlays/hifiberry-adc8x.dtbo|9be4f9cae376edc060a0cae0dc94a458f9d13aef701fdc0d95784454db59b1e7|1183|hifiberry-adc8x
overlay|hifiberry-amp|overlays/hifiberry-amp.dtbo|f7e999c5ff6f040e66310aecd489419246c96133ed1325abd99af36f01b41271|792|hifiberry-amp
overlay|hifiberry-amp100|overlays/hifiberry-amp100.dtbo|ac49031c60891cd2873acb6e469da9acbfbce61836d279a4304df19d597d2f3d|2258|hifiberry-amp100
overlay|hifiberry-amp3|overlays/hifiberry-amp3.dtbo|65f05acfafc08e5f7f748cbb95d6c2a92cb64baf391167c873093953be07e142|1469|hifiberry-amp3
overlay|hifiberry-amp4pro|overlays/hifiberry-amp4pro.dtbo|8138810b942de8a9d4a5e9ad3e0b9bb577c922c09064f09f6935c6e57da87979|1922|hifiberry-amp4pro
overlay|hifiberry-dac|overlays/hifiberry-dac.dtbo|a8d754ab27835a6af86bd3f38946e73a95b828fa5f1d393e6a21abcd093ec094|668|hifiberry-dac
overlay|hifiberry-dac8x|overlays/hifiberry-dac8x.dtbo|a88674d2a9d209788c424ba6a2088d9b6e96fa9b89fe15b2fe3d00a11064d22e|1278|hifiberry-dac8x
overlay|hifiberry-dacplus-pro|overlays/hifiberry-dacplus-pro.dtbo|0f479301220db7355e42042d73c5e2b76e60b32f6258e6b1a2b76b8d7edc304e|1909|hifiberry-dacplus-pro
overlay|hifiberry-dacplus-std|overlays/hifiberry-dacplus-std.dtbo|33729e1e6a19f808893356dca8eba045f16a62f2f9340b3f0de733d4a9a6e909|1899|hifiberry-dacplus-std
overlay|hifiberry-dacplus|overlays/hifiberry-dacplus.dtbo|3291ac66f448e624c28e89d0fec26b79abcf01801232250ec62cc793a69b6c10|2104|hifiberry-dacplus
overlay|hifiberry-dacplusadc|overlays/hifiberry-dacplusadc.dtbo|3de5c55fb81d53b375399fa90af4bcb53b4c89d80aaeba7b3ba8d7df98752d84|1990|hifiberry-dacplusadc
overlay|hifiberry-dacplusadcpro|overlays/hifiberry-dacplusadcpro.dtbo|689d0e662d7f029ef43bc5e91e42e2295c04e7441f0d72af23e38c970ebe53cd|2267|hifiberry-dacplusadcpro
overlay|hifiberry-dacplusdsp|overlays/hifiberry-dacplusdsp.dtbo|82b366455446d401b30ebb067f8a69ba0afb78605645a3d420a5c81addce6d6b|712|hifiberry-dacplusdsp
overlay|hifiberry-dacplushd|overlays/hifiberry-dacplushd.dtbo|fedaf91cdc19cd9149e2e1686ad5599ba14b08c53094ad1c32344a956b573c6a|1662|hifiberry-dacplushd
overlay|hifiberry-digi-pro|overlays/hifiberry-digi-pro.dtbo|7cd43b4f002f67de6623118d0e81becaabb399341ad97798d441f83633a999b8|1138|hifiberry-digi-pro
overlay|hifiberry-digi|overlays/hifiberry-digi.dtbo|19a1d8b88cbfd5790718e384d6c0bdd4fd9525c67fb0d58bb98bb530232c2153|972|hifiberry-digi
overlay|highperi|overlays/highperi.dtbo|6bcdc1026755d484efe5b5cd7783eb06aabf33ab94593dd2844cf2ef8258e067|1079|highperi
overlay|hy28a|overlays/hy28a.dtbo|4454a0ff516b89d5ed78711cba9ee1ef9fca021842c1b7c7d595a0727c2d0619|2444|hy28a
overlay|hy28b-2017|overlays/hy28b-2017.dtbo|50e111391e9bae3eb2acca0477ee8d5c3cf451b462864c306bc9f7b561dee26e|2893|hy28b-2017
overlay|hy28b|overlays/hy28b.dtbo|908d29d44bb6f29a77209c30b788d13c44ee68f47b2e29a910c53f1562acdf6a|2915|hy28b
overlay|i-sabre-q2m|overlays/i-sabre-q2m.dtbo|11d6587c207a2988df5d20c89d3ca0807ec29e75f382edcdf6764bacebd55f3b|906|i-sabre-q2m
overlay|i2c-bcm2708|overlays/i2c-bcm2708.dtbo|e223459185561c4fd3cfbb113f08dd4c1a6db22fa7f999d1b44f715ca377c5c4|270|i2c-bcm2708
overlay|i2c-fan|overlays/i2c-fan.dtbo|9ee2ce7b067d7bd54c8aa8a4ce4f89f1e6411b16873cd0f729e6d1f552244fc2|3662|i2c-fan
overlay|i2c-gpio|overlays/i2c-gpio.dtbo|6144f5353fb35faba981ff02b328b58438a760206fa81ed622cde9f6eb4c75b7|1055|i2c-gpio
overlay|i2c-mux|overlays/i2c-mux.dtbo|0c3acc03baccb9f9351d1a511a1b296fc7ac38ede337cc71dadf4d539066d099|3884|i2c-mux
overlay|i2c-pwm-pca9685a|overlays/i2c-pwm-pca9685a.dtbo|824fc5f3b17c7caa649bcda38c013872aa6c42a42be4048ee9d0f97267f60836|2147|i2c-pwm-pca9685a
overlay|i2c-rtc-gpio|overlays/i2c-rtc-gpio.dtbo|397c566f175d8ef67855c5c693234fa4e64b36ec3c790f41ce9fd68d816c685d|8356|i2c-rtc-gpio
overlay|i2c-rtc|overlays/i2c-rtc.dtbo|ee5102827e7d500492918a9695236e8278e90da939ac127ee3cf47cbcf305912|9286|i2c-rtc
overlay|i2c-sensor|overlays/i2c-sensor.dtbo|a0c80debb4c14e7df68823de5bb871d861053f9c009f05aa3f60fb3679e81443|23022|i2c-sensor
overlay|i2c0-pi5|overlays/i2c0-pi5.dtbo|9e7d94d78148ab86d9a501f0a40ba52db4cce2b76deafbdb65172ed5c73794a7|931|i2c0-pi5
overlay|i2c0|overlays/i2c0.dtbo|4c69226e5682cb0576648245adad3bcabaa1b3fdebc9bab29f51909b08c59bef|1785|i2c0
overlay|i2c1-pi5|overlays/i2c1-pi5.dtbo|a7e56dde4f67c994bd6134da2ef2177e6e6cc37b7383cc04c3c388a01ae1fac5|935|i2c1-pi5
overlay|i2c1|overlays/i2c1.dtbo|440a258262dbc5c8f0e2e4555d3d56666960d0e708f3d5c8e1ff6bdbb4842008|1004|i2c1
overlay|i2c2-pi5|overlays/i2c2-pi5.dtbo|000c55473979abebd6f2168a50d8cca04f9d9038c67d22eaab75d1c15e832c23|815|i2c2-pi5
overlay|i2c3-pi5|overlays/i2c3-pi5.dtbo|454be8a322ce840483666c5bfd8349df305f0f831d560222fa90ae320370443b|937|i2c3-pi5
overlay|i2c3|overlays/i2c3.dtbo|dd07369fbf8c7800cd2727503bf9676bddc93ac085fff072ea92d0b9af3561c7|811|i2c3
overlay|i2c4|overlays/i2c4.dtbo|e298225fa78ce6206726fac2a7f068fc097e3b85e5119ca92204b5f5b399992d|811|i2c4
overlay|i2c5|overlays/i2c5.dtbo|2593b2d97fd5e39c21dbbd8da5df6426fffc020c5f9c5165d462b64815f4beb6|815|i2c5
overlay|i2c6|overlays/i2c6.dtbo|c9ff9ece973d4aa432426095c75c197c3fe84f4ec006e52fbffaee6ba6a554dd|813|i2c6
overlay|i2s-dac|overlays/i2s-dac.dtbo|4f5625af2c88472217448cdc3e04a408535a171e2d987607da02bb824832c43e|656|i2s-dac
overlay|i2s-gpio28-31|overlays/i2s-gpio28-31.dtbo|361161d65eb036c9fac245b61e69c81a176663a5ed531fc402d31b9660882933|307|i2s-gpio28-31
overlay|i2s-master-dac|overlays/i2s-master-dac.dtbo|ec84b27c1c1219dfddc59a1610026eddbc3830c6d1685425cdd6e6f716b80f72|1420|i2s-master-dac
overlay|ilitek-ts-i2c|overlays/ilitek-ts-i2c.dtbo|aae5c5cfde91e299c6fcbd01fa8192e56a90b146e3ce9effc778cd8791adc64a|1669|ilitek-ts-i2c
overlay|ilitek251x|overlays/ilitek251x.dtbo|2ab1f6b8c3f2a91034eea802e23d9abb78cd49065787ed5d7dbaa107f93d215a|1492|ilitek251x
overlay|imx219|overlays/imx219.dtbo|20240f5cceb1217eb569cd0def43d6b7be8f395ae76ba6d6532150ec81968d79|3692|imx219
overlay|imx258|overlays/imx258.dtbo|c63091d76e81202859dcbfc3ba5d2355806a60a593096179d9bd6c2e835c22d7|4312|imx258
overlay|imx283|overlays/imx283.dtbo|7ab7a3c9aa3e2052fc5ba2456f5d2fa616bbf6eb00f1ebf11d2b279d23784f68|3536|imx283
overlay|imx290|overlays/imx290.dtbo|87dbcfa8b5c827d288fec217d0c457c668cbe85a72e7b478e67df224f584636f|3866|imx290
overlay|imx296|overlays/imx296.dtbo|f58b093cd096170d7e8e09b943f5eee7633fb77b31e3c06dce154b401b3e8d9b|3699|imx296
overlay|imx327|overlays/imx327.dtbo|c3273a9b88c7b4dabb7d238cfc610df9424eb647f3d2f5c4dba7dfd091109739|3866|imx327
overlay|imx335|overlays/imx335.dtbo|5449b2f98f054b6d22815fc554df175847574ec8af7b88da10e3ca283b53c3c2|3742|imx335
overlay|imx378|overlays/imx378.dtbo|15c91574350b5b8e96db466c411c75f6a5c919d5e6443332dcfa4c3d5035edfd|3795|imx378
overlay|imx415|overlays/imx415.dtbo|6fb86ec4b7d8bdddfc0233a4850d7f13b7beafa495a5a1e628e5e0dadb37ef00|4189|imx415
overlay|imx462|overlays/imx462.dtbo|b268ab770cc90a74741f83fd0d1511d710acb91880e9e5bc4a60408da61fbdcb|3866|imx462
overlay|imx477|overlays/imx477.dtbo|709680f6404b632aa9fb83cb69ca4d352e88df696908c1b9b42e83523df0e2d9|3795|imx477
overlay|imx500-pi5|overlays/imx500-pi5.dtbo|c8390cf8c1b1d4cd7030df159b20067aec68f3357165b22958fbd0e0978755ff|5041|imx500-pi5
overlay|imx500|overlays/imx500.dtbo|218341b2da83e02a44ec6542068685c1d67f1399cd3b78e02865fb416167d526|4685|imx500
overlay|imx519|overlays/imx519.dtbo|523f7c3cfd22514ef3d1f628b1d3762d4073e447237dab8df6b4a3395803a69b|3477|imx519
overlay|imx708|overlays/imx708.dtbo|db9fe84db5db8574b3c86cb41aadcf745411d82f0578bed0efa067db0f155d9d|4056|imx708
overlay|interludeaudio-analog|overlays/interludeaudio-analog.dtbo|42c62a93e94ff624e4e2445b7e1fb011ce8148811a3a210398b80261e7f52f63|2005|interludeaudio-analog
overlay|interludeaudio-digital|overlays/interludeaudio-digital.dtbo|7eb7adba045814f244a167147fdbb97b139e1c41b4dc78ff25fc91dadb114a52|1431|interludeaudio-digital
overlay|iqaudio-codec|overlays/iqaudio-codec.dtbo|102fc1ae6df3e89eefa428885f958c7ac8cc32785ec9eb7a5aeee9ab95fa2ef5|908|iqaudio-codec
overlay|iqaudio-dac|overlays/iqaudio-dac.dtbo|720cda46aa3d63a2720199ed5b79986566db080f978af80e4ee6edb03d139a11|1285|iqaudio-dac
overlay|iqaudio-dacplus|overlays/iqaudio-dacplus.dtbo|84dd4b864c9cc4f6fb702a65ab1cd985588a5134c2b663fec68d50ac137fb313|1524|iqaudio-dacplus
overlay|iqaudio-digi-wm8804-audio|overlays/iqaudio-digi-wm8804-audio.dtbo|242d785711ede54e763f043f646a1d791e9aab9d8c17de7b450df9648039508e|1339|iqaudio-digi-wm8804-audio
overlay|iqs550|overlays/iqs550.dtbo|981b83e3155f24507d3de50de861d449c35eb50f3eb5e3836a2b703a62cd4d53|1813|iqs550
overlay|irs1125|overlays/irs1125.dtbo|e3981c602ec5024ec658fc1bb975b8ee6ef0130db519b3f2bef55146ef77cee7|2795|irs1125
overlay|jedec-spi-nor|overlays/jedec-spi-nor.dtbo|012d82fea2e1921d1c5f6ee4d7723284af0b6ea7df830fe1dc01217d828a3304|4492|jedec-spi-nor
overlay|justboom-both|overlays/justboom-both.dtbo|e4f651d042e60cd77095925bf35fb9f1c4659f68555c337a6cede162f784776a|1653|justboom-both
overlay|justboom-dac|overlays/justboom-dac.dtbo|b196a46030c8d06ddb71bf9f4dcc012003c5bc295121e0b3985d416ab76e04c9|1289|justboom-dac
overlay|justboom-digi|overlays/justboom-digi.dtbo|63baf2f5ccc3b1d294699285420b4e1262b48c85a0e1b6af49a07df457285e27|968|justboom-digi
overlay|ltc294x|overlays/ltc294x.dtbo|d3dc1a64d8c3e3c96538a80e46d5b6149e359a804c7218fbc93a9fe3e49eb856|1916|ltc294x
overlay|max98357a|overlays/max98357a.dtbo|b8b1dc5ae8dadd162959fc9d784ea2120a264613d035c02cc3d4d5db9286287c|1946|max98357a
overlay|maxtherm|overlays/maxtherm.dtbo|339fbc411a9d277e1b42cecbb7a3d7f701c1d70da8e71285b9bca8beeb447f67|4360|maxtherm
overlay|mbed-dac|overlays/mbed-dac.dtbo|bd464c688b6a3a4c5ebb7334bb8f2f4fe3c5f0c9b13d77f834ff0486e56c2595|1618|mbed-dac
overlay|mcp23017|overlays/mcp23017.dtbo|17cc2d20b8e20670e9c5fa2daf2d0ba92a8c877e7c99a93cf7763f5ee0a7e3ed|3180|mcp23017
overlay|mcp23s17|overlays/mcp23s17.dtbo|0057eb48714c10984cd3b236d560fca80b4d9ca07e4069f006647245b00ab433|17021|mcp23s17
overlay|mcp2515-can0|overlays/mcp2515-can0.dtbo|e3ccb45591e7b61b9113249a8e7a5d43a3be8a6d029b22e99b32fae1b39aea79|1793|mcp2515-can0
overlay|mcp2515-can1|overlays/mcp2515-can1.dtbo|9aa4618ae19e4aa69c5b491075482b0f2adedd64416af8f41edaff3f3fb1637c|1793|mcp2515-can1
overlay|mcp2515|overlays/mcp2515.dtbo|a25cd44d490160148dd52ec9e64fb106046a315f1c4e105d667e0f874d9beefc|3843|mcp2515
overlay|mcp251xfd|overlays/mcp251xfd.dtbo|ee0857747113063347830007a4362314f4019f1310ece19d16a8537f3a1290aa|6428|mcp251xfd
overlay|mcp3008|overlays/mcp3008.dtbo|66a8bfbe242b0e328920b6f7a35270de1151c999c9e791b4179a61fb7d552943|4309|mcp3008
overlay|mcp3202|overlays/mcp3202.dtbo|85760c6f927589a0385f66f310eaea234ac11e811be0d38a5a07da9d64a2e190|4213|mcp3202
overlay|mcp342x|overlays/mcp342x.dtbo|b8edcc05f48c1570d42527e48d3e8e680a84c069d8d897653735e564e304ab78|2854|mcp342x
overlay|media-center|overlays/media-center.dtbo|46f2a65adb351d1ba3b4e59441b79fb7439c956cc3979cba7e8d449314990a59|2498|media-center
overlay|merus-amp|overlays/merus-amp.dtbo|bb86257e7a9bb0767f7ad59f4682b67c1ed5b6227bbdcebdaf0c8083244ab8b4|1718|merus-amp
overlay|midi-uart0-pi5|overlays/midi-uart0-pi5.dtbo|ec7893340e2d1b2b3eafd5eb5290f58a220c40864dca91f05df8af4646da2f2d|808|midi-uart0-pi5
overlay|midi-uart0|overlays/midi-uart0.dtbo|d0e16f1fb407b1dc99c851d962544372491106b368c827deaa70934a9f11a520|716|midi-uart0
overlay|midi-uart1-pi5|overlays/midi-uart1-pi5.dtbo|79deb8ba3fd436825267c4f5b7e190b21bec72482f833270f17c96e6b8cc35d5|808|midi-uart1-pi5
overlay|midi-uart1|overlays/midi-uart1.dtbo|01d5df60a4f66e896c13485a54464c29ac80dc90c5e182d12f6bdf6ffb8baffd|857|midi-uart1
overlay|midi-uart2-pi5|overlays/midi-uart2-pi5.dtbo|6a36413c794159fe018640f0255f741c91057164c892f0199161c1aff9eb5990|808|midi-uart2-pi5
overlay|midi-uart2|overlays/midi-uart2.dtbo|c144e0cbea0326ef9514c517fb576ff2aab9367602d88e6225557eb0cf2fe327|716|midi-uart2
overlay|midi-uart3-pi5|overlays/midi-uart3-pi5.dtbo|2d42c95e689281794852ddb1ead07f28fb1dc9164eb2197c6890602450df1cad|808|midi-uart3-pi5
overlay|midi-uart3|overlays/midi-uart3.dtbo|ca80d361b950f7aa711f277de80d3efb52099729408a8b2a50670de1380d1a44|716|midi-uart3
overlay|midi-uart4-pi5|overlays/midi-uart4-pi5.dtbo|21ef576ec75991773ee372f44bfa356478cb01ac2a9a53a79737815b9736a4fa|808|midi-uart4-pi5
overlay|midi-uart4|overlays/midi-uart4.dtbo|4bdb3d8498ecd9dd7efdc3515030c454cc0875ff185f3c0ed9181c37296fe905|716|midi-uart4
overlay|midi-uart5|overlays/midi-uart5.dtbo|66a6a8e71d36d3990094620238639f1e16ad1f27014a7ba8d8e0be207698688b|716|midi-uart5
overlay|minipitft13|overlays/minipitft13.dtbo|fe92f2a6a728638e8da2c685e197c2392a03278244ec3b17ff85c57ae121bde8|1783|minipitft13
overlay|miniuart-bt|overlays/miniuart-bt.dtbo|c38c12945f14ac0c71b609a48c94566b3c323a9cfd39d8cb286799e87e14197e|1566|miniuart-bt
overlay|mipi-dbi-spi|overlays/mipi-dbi-spi.dtbo|6dfdeb89bc7a6598c9694c4df1c272625197bfc3599ea7164662aa1fa8c8acdd|5165|mipi-dbi-spi
overlay|mira220|overlays/mira220.dtbo|6536cae6c6eb7743e91f628c0889a1b145e5b315f8ae480a90e2fc7bcfe49409|3002|mira220
overlay|mlx90640|overlays/mlx90640.dtbo|c5cb54f99a565eba419a39936a5cc84f5906c4c95460d7cf85cd54e64c1c9997|549|mlx90640
overlay|mmc|overlays/mmc.dtbo|8c0e8c95aa9c2e4680386740e38ae6d2b6cf4ac401315b6577d878ec06a2d0ad|1221|mmc
overlay|mz61581|overlays/mz61581.dtbo|00d3ac213793e34adeb60c737594e4f46a4ba11174db3b5ae57d121902103639|2826|mz61581
overlay|ov2311|overlays/ov2311.dtbo|1c2083045352896e1163010774745138342bd0c667108a0b2ac84077147f46e1|2927|ov2311
overlay|ov5647|overlays/ov5647.dtbo|f8f374c8b852156e71140f684ca479cdc5fc92ddaef387224623512ae88b62ca|3506|ov5647
overlay|ov64a40|overlays/ov64a40.dtbo|85b03597e9601dff8eddfdb2673734df077d4b95d3ed6e22dafa813f172ff38b|3531|ov64a40
overlay|ov7251|overlays/ov7251.dtbo|2b8f9897639af00ad664f7b555e6b808089ca71bd40e13887bc5858499a80f7d|2967|ov7251
overlay|ov9281|overlays/ov9281.dtbo|a95fb80d73d4c7645528333b9bec4253d4403761807c068fb3977133078c4a5d|3541|ov9281
overlay|papirus|overlays/papirus.dtbo|c901906df2c9111a2b7711d8f6c3a1f7b0d962f85dd6356ecbae602ad4f1198e|2332|papirus
overlay|pca953x|overlays/pca953x.dtbo|1acbc1570d0e1dbe95dd283daf8a8107cadda95068a199de10dae8bd403ad9e9|4116|pca953x
overlay|pcf857x|overlays/pcf857x.dtbo|31a949196864e21c4f3f3b69eaaf2c7300fefad767f6c4e24d2f0f61d25c5bb6|2513|pcf857x
overlay|pcie-32bit-dma-pi5|overlays/pcie-32bit-dma-pi5.dtbo|901eaa5a9659d1d6b091b72492b0b0ca98af5e2e2b475c937e7d6a9b6f96ad39|432|pcie-32bit-dma-pi5
overlay|pcie-32bit-dma|overlays/pcie-32bit-dma.dtbo|f7b6364633e1162aa2f19e96aefb8848e6db823695e732861d84d13c4fd25c54|438|pcie-32bit-dma
overlay|pciex1-compat-pi5|overlays/pciex1-compat-pi5.dtbo|b6ab245eb8f42b572c1aa80d4aa1413d2a47536b8f74378797ba5ec0180d25bc|851|pciex1-compat-pi5
overlay|pibell|overlays/pibell.dtbo|9f8bef1fc517b7293a81801ed5b1331530a048f61126bd07bf2c675f22fc2e47|2347|pibell
overlay|pifacedigital|overlays/pifacedigital.dtbo|99e9928765c3270e7a534577efe76c80fdddb069684deefbef1ef35427793524|1709|pifacedigital
overlay|pifi-40|overlays/pifi-40.dtbo|d78d5469ee0968abd4751b0a7ea747015eef895236935b215d6bafe90faa3ea2|1395|pifi-40
overlay|pifi-dac-hd|overlays/pifi-dac-hd.dtbo|5f202287b1a3899ed707ee11848d46f8e2530552665553ede611f9665cdd177b|1205|pifi-dac-hd
overlay|pifi-dac-zero|overlays/pifi-dac-zero.dtbo|4866446ae3a879b79db5c05c19de90cee69cd11cd6907d57ffc44d61c1cc5472|1175|pifi-dac-zero
overlay|pifi-mini-210|overlays/pifi-mini-210.dtbo|2412a0cee58ab3bba5841acb5e3029eea748083f3bbfec640cf23c590b18bb3a|971|pifi-mini-210
overlay|piglow|overlays/piglow.dtbo|432152b4cf7e5d2ac226485f0196e0f3773184ffe4cd896af9283698d9fd30e8|1594|piglow
overlay|pimidi|overlays/pimidi.dtbo|daa14e372cdecff7124015eb3bc80af94fbacda2c591ee5190c79ed8ebc84acb|1141|pimidi
overlay|pineboards-hat-ai|overlays/pineboards-hat-ai.dtbo|96eea0b37464b70ff592476cd91abb32e1c24ca6c8de93fb766423df88afd32c|299|pineboards-hat-ai
overlay|pineboards-hatdrive-poe-plus|overlays/pineboards-hatdrive-poe-plus.dtbo|206f0b1089f102b2c4eee94f288da28e9908a4c55421024eb4be189e254055da|328|pineboards-hatdrive-poe-plus
overlay|piscreen|overlays/piscreen.dtbo|a2a4542ebc6bf9754e4ee474f0898277b0c5c2ab30e1f3c2ef726dd9c773c9dd|3003|piscreen
overlay|piscreen2r|overlays/piscreen2r.dtbo|19d2c148a3df36aecfe6d51af9efb8724565fcdc72ac52f74f240b88689fd18d|2593|piscreen2r
overlay|pisound-micro|overlays/pisound-micro.dtbo|4df807abde73864560825364722e14c2355afc081c87170b8216c02dd50c4dbf|2974|pisound-micro
overlay|pisound-pi5|overlays/pisound-pi5.dtbo|d0a491370b12f473f14b6bcd0c7bdc19ff32a6b050f861887161de9a1e861085|2361|pisound-pi5
overlay|pisound|overlays/pisound.dtbo|ca7a0af777478fb3477093292fe509645ab8c30cce9da4c9dbc731e9278bbbe9|2361|pisound
overlay|pitft22|overlays/pitft22.dtbo|a2e88e005ef247e374a6435bc45a8c858f3e5470646e419a5aec56dde111ed19|1688|pitft22
overlay|pitft28-capacitive|overlays/pitft28-capacitive.dtbo|f682113af3ba08721727bd44c3517208269bafc20e23f8efbd24cd585f44ec8a|2453|pitft28-capacitive
overlay|pitft28-resistive|overlays/pitft28-resistive.dtbo|b808057a25647498f22b14e4b8209f64997e5b8f9bee27c73eb5b67aafac067a|3111|pitft28-resistive
overlay|pitft35-resistive|overlays/pitft35-resistive.dtbo|a5ef62d3c4940e54e27b3af71302e6642285c96914d11a83295966ec36301ca9|3213|pitft35-resistive
overlay|pivision|overlays/pivision.dtbo|5c65db3a1449bb490e88ad1ef71cb07607fbace3c5702c47cc210c3c2aaeee58|4323|pivision
overlay|pps-gpio|overlays/pps-gpio.dtbo|f6c6b0d193d0e1744f8f2a367550bebcfb844829294a9a5e5503c266cf8b30cf|1189|pps-gpio
overlay|proto-codec|overlays/proto-codec.dtbo|1ec997e22f82880c2540cec822da3d96cebc0a1aebd8626481000ff8d140a754|784|proto-codec
overlay|pwm-2chan|overlays/pwm-2chan.dtbo|0639648a38cff7deae03a5d14f7dc389ca6c3a96083a8f4aa09202522692d74d|1059|pwm-2chan
overlay|pwm-gpio-fan|overlays/pwm-gpio-fan.dtbo|09021ab6f475713b9d29b64cf025107c0edb189f80bde1b05a86c6205d6fce82|3558|pwm-gpio-fan
overlay|pwm-gpio|overlays/pwm-gpio.dtbo|7e69f2277ffb560f6f4e0e02188b3351080fd91a884a06c9a45284f9e6847f1f|1006|pwm-gpio
overlay|pwm-ir-tx|overlays/pwm-ir-tx.dtbo|732c4f86027bd8cf3a32e7871e6635c56e90b1392fde6da9b5cf01564ab08228|1035|pwm-ir-tx
overlay|pwm-pio|overlays/pwm-pio.dtbo|2babd2dcea9349806f6e5355b46acb91bfbe709b36ac241279b0ae5c655217de|1010|pwm-pio
overlay|pwm|overlays/pwm.dtbo|4f26ae4ebc7b2caad4518d89c5a326d38052fdd3eeb20668a67499e004cd504a|948|pwm
overlay|pwm1|overlays/pwm1.dtbo|3b071bb81613444c17a2149dd8c725ada8fe0d5bb75b65c315ba5573e0de8157|1493|pwm1
overlay|qca7000-uart0|overlays/qca7000-uart0.dtbo|471581154294b6b7fda3c3c8df5f69c1006d6e874d62eb39ccc06c3a6591c185|1129|qca7000-uart0
overlay|qca7000|overlays/qca7000.dtbo|07b46ae20493eb96ee41b12ede8bf61069671a9327883a1feec8bf9c17006c75|1395|qca7000
overlay|ramoops-pi4|overlays/ramoops-pi4.dtbo|bd7d40db75409907567a66341e1fb37acabf1ba1a614726b84e6a043446ca7ce|741|ramoops-pi4
overlay|ramoops|overlays/ramoops.dtbo|cdfaebcc22a918987280d9084478503d740af146f50f9db9546f462d33a09ef7|737|ramoops
overlay|rootmaster|overlays/rootmaster.dtbo|a4d9e72d25ea54534d7632681a2d5fb6beef31a1b6e87abd6602ba624d8d54b1|1985|rootmaster
overlay|rotary-encoder|overlays/rotary-encoder.dtbo|da2eacfdf3f76d26c62af56796c533db35289197724d45aee77acd914f949578|1922|rotary-encoder
overlay|rpi-backlight|overlays/rpi-backlight.dtbo|2b716d465875fc61299b161a588e2454b62d31eccb2af8eb59df531a29d43de1|489|rpi-backlight
overlay|rpi-codeczero|overlays/rpi-codeczero.dtbo|6cdf1bd1919315e15de9db7fac642c412d8caa875a73d63dc7a60e8c08c20e84|1051|rpi-codeczero
overlay|rpi-dacplus|overlays/rpi-dacplus.dtbo|b364764add0676c06ca0ca9a2008bd97f55d6959692ec5bf1c330316bc0a48e3|1418|rpi-dacplus
overlay|rpi-dacpro|overlays/rpi-dacpro.dtbo|8dd7ec061304a64a7db548f23ec18183d053c0efec322a5b44a0fb97a626ae4d|1426|rpi-dacpro
overlay|rpi-digiampplus|overlays/rpi-digiampplus.dtbo|1bb5f32ee1c6f91ad5c68361ecd3ed58fad7a85cf87a89f9392fd142e2994f79|1737|rpi-digiampplus
overlay|rpi-ft5406|overlays/rpi-ft5406.dtbo|3c11ba601b55ce8b53b3de59a781b99a24338a58bf300fdbce8b6cc286f7056f|842|rpi-ft5406
overlay|rpi-fw-uart|overlays/rpi-fw-uart.dtbo|af801b91788b554247dbd02545fcd502a897264b30fd58eaf8144ec5f8203979|1395|rpi-fw-uart
overlay|rpi-poe-plus|overlays/rpi-poe-plus.dtbo|5434a1f6250bcea99b9ba0d1c17b6957b32c2c7a2fe0e91641697ef813e51f61|4914|rpi-poe-plus
overlay|rpi-poe|overlays/rpi-poe.dtbo|14829aa859d9bfd65c7d4a1db383e0f9ebd92d5bebddb45c5993e72598993612|4333|rpi-poe
overlay|rpi-power-hat-b|overlays/rpi-power-hat-b.dtbo|7318308e0d48b515fe8c447bad22a33b81f2dc07665490e28cfa9395686e7172|1335|rpi-power-hat-b
overlay|rpi-power-hat-t|overlays/rpi-power-hat-t.dtbo|75c12476522d80f97bbb648d01ee093099fa374be4b71131d925806826a9ee06|1335|rpi-power-hat-t
overlay|rpi-sense-v2|overlays/rpi-sense-v2.dtbo|352a260421ed3bdfb42a167a042286fbda20cb9260e32b8c9f6fc448b46cead0|1540|rpi-sense-v2
overlay|rpi-sense|overlays/rpi-sense.dtbo|a307e98791a3f186a2bd0c64fbaa3aa7fa1b2cb6a24f66aadb47ceedcd162cfd|1536|rpi-sense
overlay|rpi-tv|overlays/rpi-tv.dtbo|07c04333708e77f46b9e92318910f3b19fca6a40f5b20c09598f0e59a6b64ec9|567|rpi-tv
overlay|rra-digidac1-wm8741-audio|overlays/rra-digidac1-wm8741-audio.dtbo|52b96ff9eecfc1ba516b4e40be34e3dd720ad650db6e8594ba64fd7c3b1153fc|1311|rra-digidac1-wm8741-audio
overlay|sainsmart18|overlays/sainsmart18.dtbo|86131853851e68c31c09016cac2605e0f1948dd426ae49a8bb02d3d663c3fcaf|1420|sainsmart18
overlay|sc16is750-i2c|overlays/sc16is750-i2c.dtbo|2f1103b40fc7ed4ee4c3142b2e9207c532f121e4d79da4f253ec027a352bfe7d|3219|sc16is750-i2c
overlay|sc16is752-i2c|overlays/sc16is752-i2c.dtbo|d272132a2420b2e7e53be72d30211afc4542052d641310da2fbe4fe619b0a964|3219|sc16is752-i2c
overlay|sc16is75x-spi|overlays/sc16is75x-spi.dtbo|1ae06f4a6bcebf6cd7888a4ee8f631b726d81792da121265c821a4177fd69448|4972|sc16is75x-spi
overlay|sdhost|overlays/sdhost.dtbo|627057749f3272857859d8ee289351e91f24fa4a70460cb1712d146060337f98|968|sdhost
overlay|sdio-pi5|overlays/sdio-pi5.dtbo|3e0ee3b4dc6236d076d8672dec33c4edab961c62df55eca9a1d332bbc2a7f795|660|sdio-pi5
overlay|sdio|overlays/sdio.dtbo|99bdc66432f096e8afdf56b3176ff138aad1cd97e451fe1a9dad085585ca9966|1889|sdio
overlay|seeed-can-fd-hat-v1|overlays/seeed-can-fd-hat-v1.dtbo|165b9fed11f9a8200731940c2b912b2c68c29baca33a91c16c3aa05885514f6a|3387|seeed-can-fd-hat-v1
overlay|seeed-can-fd-hat-v2|overlays/seeed-can-fd-hat-v2.dtbo|847a25ba7af284fd3a674ee07c8f2a19abe7d71b57a038aeba310e040c52e82f|2722|seeed-can-fd-hat-v2
overlay|sh1106-spi|overlays/sh1106-spi.dtbo|547426907dfd8367ddd94e46baedd6b80e33c3c01d023eae49790a038646aafa|2095|sh1106-spi
overlay|si446x-spi0|overlays/si446x-spi0.dtbo|64677342cf4cfc57a030bd5aea28c032e8d82d2972009670a547f2808d5a264d|1425|si446x-spi0
overlay|smi-dev|overlays/smi-dev.dtbo|d03d2546ed9ecf91895d070bbd770b8dca19bb78d58f5f31bb011169e7a1ca28|404|smi-dev
overlay|smi-nand|overlays/smi-nand.dtbo|13298e563b5fe6ef0beff54953801f6d4e1eb8af0bc3aede9746d680ad04d60c|1476|smi-nand
overlay|smi|overlays/smi.dtbo|31813d85a1338fe9792bc9cce608cf30ea038c551bf5998a1e90584090584827|981|smi
overlay|spi-gpio35-39|overlays/spi-gpio35-39.dtbo|6ef4e7e3aaf2efa4eb9f1e2c72e735904e28796de5c2fd35a964557f5397a177|630|spi-gpio35-39
overlay|spi-gpio40-45|overlays/spi-gpio40-45.dtbo|4432748ea19e6113d5a73cd8e21c7917ca36161ea338e8e40c1cf2c8389b8e72|795|spi-gpio40-45
overlay|spi-rtc|overlays/spi-rtc.dtbo|f1f0a4e6607a6aa42bc27329d8875e0416deb0777432690cd3aa29ebadeaf61c|2052|spi-rtc
overlay|spi0-0cs|overlays/spi0-0cs.dtbo|01340ab9d04daa52c867964f50aa0632991023f40fc581ff6452764857010619|794|spi0-0cs
overlay|spi0-1cs-inverted|overlays/spi0-1cs-inverted.dtbo|eb292c92ef07dfba3ade8619dab1de9075e4c014b839e58dbb84053fdd4f7385|1169|spi0-1cs-inverted
overlay|spi0-1cs|overlays/spi0-1cs.dtbo|6f5bb9e4a73a7f1bebff621d0cc3132b0b9361bef56bf5bbcdacf047f98ffd4b|1045|spi0-1cs
overlay|spi0-2cs|overlays/spi0-2cs.dtbo|15375a1faaf5b06b52d4cf05326bbff2083997d5f95fed0096fe088d53087563|1045|spi0-2cs
overlay|spi1-1cs|overlays/spi1-1cs.dtbo|240db024743ae18c513d7e3f58390894307b9c28c5166e315ba9b7a089b98012|1523|spi1-1cs
overlay|spi1-2cs|overlays/spi1-2cs.dtbo|c7aa07ecfea45221340ee8fb0737baed131a10918514882c582de1759d7dfc92|1896|spi1-2cs
overlay|spi1-3cs|overlays/spi1-3cs.dtbo|12fd1af68fdc95701bb476e356e34f91fd722c50bd60a536eb06c6e40cf0042c|2269|spi1-3cs
overlay|spi2-1cs-pi5|overlays/spi2-1cs-pi5.dtbo|662343b4e00f7cd78d597f716ed3be156236a43535bf6b75dc9a6987347be33a|892|spi2-1cs-pi5
overlay|spi2-1cs|overlays/spi2-1cs.dtbo|119dbc707396f96b2755cbdd8d126c67b4ac857aeeec4e30f6e4dcd77ed4c895|1523|spi2-1cs
overlay|spi2-2cs-pi5|overlays/spi2-2cs-pi5.dtbo|174f3d5bb3d8c23b284d88f25e20b065fba8c6a0f6d2f91456163ec05eb2fd76|1241|spi2-2cs-pi5
overlay|spi2-2cs|overlays/spi2-2cs.dtbo|65c0a5850af49a43a1a8f38bb6a5c6e9a9ac790f8cdf92cf959d8630aafd3df8|1896|spi2-2cs
overlay|spi2-3cs|overlays/spi2-3cs.dtbo|7b818d839bf8963a117b4c53c22fe0a259757f68147195a774a2418ad2cf4278|2269|spi2-3cs
overlay|spi3-1cs-pi5|overlays/spi3-1cs-pi5.dtbo|9e03078e15dfa34dfcf9f9e486ede4d5a0b3925aa4623c24bc93a1e78e96278a|892|spi3-1cs-pi5
overlay|spi3-1cs|overlays/spi3-1cs.dtbo|a5110dc8adeed30f63288bf675599a75198b2c31779a400f08f3384dba1557d1|1131|spi3-1cs
overlay|spi3-2cs-pi5|overlays/spi3-2cs-pi5.dtbo|45a8ad124e1c4a11f814896f7ca6fa84408489dc0bd0ec946bbbc44dad91e87c|1241|spi3-2cs-pi5
overlay|spi3-2cs|overlays/spi3-2cs.dtbo|44199ed646d78ea0b6da6ad52d1cfbe3998fc8fe4d2bbdda494d29e73e470d3a|1504|spi3-2cs
overlay|spi4-1cs|overlays/spi4-1cs.dtbo|2c85776f743994b8931eb403248721eec5500e3a5a78895828e7177664894262|1131|spi4-1cs
overlay|spi4-2cs|overlays/spi4-2cs.dtbo|e41a8ab1215d8f71a6693c4fb079b8f741f855642554dd4061a082cdf1215cae|1504|spi4-2cs
overlay|spi5-1cs-pi5|overlays/spi5-1cs-pi5.dtbo|15987dea33807d2b9d7fa2a721d93621bd7a0e8f2ffded3ad2924d402c239d22|892|spi5-1cs-pi5
overlay|spi5-1cs|overlays/spi5-1cs.dtbo|a3fd9fa2abdd6cdb598d196c3632b3ae275645fed42921ec2c8905fa7c46f7fc|1131|spi5-1cs
overlay|spi5-2cs-pi5|overlays/spi5-2cs-pi5.dtbo|8a41263b0f3a50b65d27614c8f207b4127de6a6cc50f127fbdd48ceda2c5a587|1241|spi5-2cs-pi5
overlay|spi5-2cs|overlays/spi5-2cs.dtbo|6d6f8774bc12d940f7dfb09a44888c05382c462fa398d17df44e4d2ef7c110af|1504|spi5-2cs
overlay|spi6-1cs|overlays/spi6-1cs.dtbo|bc56370113e3c5266ec51b82920026bf40b78ce89ed24343844581def882c8b0|1131|spi6-1cs
overlay|spi6-2cs|overlays/spi6-2cs.dtbo|21885b5ca1a55ef03fe3f157630c9ac81e4c8fccfcc24af3e01403cc2da7daa0|1504|spi6-2cs
overlay|ssd1306-spi|overlays/ssd1306-spi.dtbo|356fb36b8fbc05350b1d7537450c2aff6738a50af1f23f3d03248360b0957e87|2157|ssd1306-spi
overlay|ssd1306|overlays/ssd1306.dtbo|aafd96d5fdb67f0774ee992966019d82353886c57f63c73d22708055e6128850|1114|ssd1306
overlay|ssd1327-spi|overlays/ssd1327-spi.dtbo|d49dd4aac3cf67f9670c0c399f181b56bf7961695eb7bfb7acaa39834e10d766|1693|ssd1327-spi
overlay|ssd1331-spi|overlays/ssd1331-spi.dtbo|32913bfb0c0d8e1fd98f997361320c02ea6af9f2715af6304f09d96920e47f2e|2044|ssd1331-spi
overlay|ssd1351-spi|overlays/ssd1351-spi.dtbo|200759fc6100aff2a3a59df11df168f0f49982548c20dc5cb83673a03915c033|2044|ssd1351-spi
overlay|sunfounder-pipower3|overlays/sunfounder-pipower3.dtbo|ad780e42e2b639080da4498d14e684d28a434334b349bd1010e21a7947e8866a|896|sunfounder-pipower3
overlay|sunfounder-pironman5|overlays/sunfounder-pironman5.dtbo|962166fec6e450d3e79e6fe074a2ab342a77877087af9481a5064a9f41ef6c57|1382|sunfounder-pironman5
overlay|superaudioboard|overlays/superaudioboard.dtbo|0fd31ae1b5629c1505643308295549933cebe5033e8dd1913c01fc25f416c06c|1981|superaudioboard
overlay|sx150x|overlays/sx150x.dtbo|c3702e9d15f447d3e02f919cd38eaafe52de0b30bf9839608e4bacbc19842214|35570|sx150x
overlay|tc358743-audio|overlays/tc358743-audio.dtbo|47d3163d2363c402f72c52f0298e67d2fba0151a84aeaf8034d3301accc4ddce|1543|tc358743-audio
overlay|tc358743-pi5|overlays/tc358743-pi5.dtbo|c41f0bd7899231ae08afa2c6787a1df59bd903d689c3b0b946c0f78d57e36968|2848|tc358743-pi5
overlay|tc358743|overlays/tc358743.dtbo|ada235d0ea84138eedd2f9556ef182ac893646e3903aa68235a857a39be7230a|3113|tc358743
overlay|tinylcd35|overlays/tinylcd35.dtbo|52e281fef149cf59408b9ca00d440f9dc059b7d74efa091db55f2e7849d49b75|4385|tinylcd35
overlay|tpm-slb9670|overlays/tpm-slb9670.dtbo|69606575e5e586d690719744c682b57c2b57bb8c89dc606190f88954d47b1483|779|tpm-slb9670
overlay|tpm-slb9673|overlays/tpm-slb9673.dtbo|2945c88193821df8753e22b631ef4a0a99a8ead6993c6f7e775173cff66dd2d9|1102|tpm-slb9673
overlay|uart0-pi5|overlays/uart0-pi5.dtbo|65faf0bd5cb5f0a0612dcd012d870e9f2723fde8a640004837107c446469c6be|627|uart0-pi5
overlay|uart0|overlays/uart0.dtbo|426e6f5d0a2291b4ae6c2d4fec91ca5d67e3c6b8aad072e3d7461463f494e82f|936|uart0
overlay|uart1-pi5|overlays/uart1-pi5.dtbo|311d6a61ac66ae561c46f9eafdece73164943169bb9584d467429be190d0f289|627|uart1-pi5
overlay|uart1|overlays/uart1.dtbo|aa1b2d0c4f47767ed3df1d9e27b6e29cc5c4dcc3a9439d4dac006bf700418d80|988|uart1
overlay|uart2-pi5|overlays/uart2-pi5.dtbo|f304c5e194bbeadd5fb90715241d5639c608bc418725a13069dad0a7abf7ecd1|627|uart2-pi5
overlay|uart2|overlays/uart2.dtbo|2a0b6132c010b30e1cba4a69930f91ab3c50710d577d5b8fbc52da38675958da|1016|uart2
overlay|uart3-pi5|overlays/uart3-pi5.dtbo|a7acee744b991f85057712ba2c0e2e75ea08906f5c53e7ad0c13aba39af80156|627|uart3-pi5
overlay|uart3|overlays/uart3.dtbo|8e36e9ff7ab726697e32ae71948b3760728e532980b99c6d86f33c8e8ee7c29d|1016|uart3
overlay|uart4-pi5|overlays/uart4-pi5.dtbo|0908b03b4941736203b22850bff37aca8959fd4dbf44a82714a1f995f7932435|627|uart4-pi5
overlay|uart4|overlays/uart4.dtbo|d7e88716e43eea85adb1ab33cb5cdaae41cc0b64ad09f7e5309d28f31529e898|1016|uart4
overlay|uart5|overlays/uart5.dtbo|e8125f44a7382bed61133d76b02d437d29029a5367bd3e74106cc1a6fcc4ee8a|1016|uart5
overlay|udrc|overlays/udrc.dtbo|dac3cce3f4b26fe598b872200e5fee4216abe6e1021ed067e1e3e77a6fa589f4|3429|udrc
overlay|ugreen-dabboard|overlays/ugreen-dabboard.dtbo|84220735639e96d3202dece3126d99a113d3843e08c45e3a3aa8e1df1780bcfb|1541|ugreen-dabboard
overlay|upstream-pi4|overlays/upstream-pi4.dtbo|2a5c9d8c47cb4679fa3aeb8f009ce71411ddd729e653ff6e3202bc0d5f4ebd79|2775|upstream-pi4
overlay|upstream|overlays/upstream.dtbo|6426a552b9f48782f374c19f5082029ff39ecf4f219f651de258546562275e3c|2082|upstream
overlay|vc4-fkms-v3d-pi4|overlays/vc4-fkms-v3d-pi4.dtbo|eae7ebead84e86c3d287453ccfe443560c28f53189d6afa657a7f1d084c77c32|1559|vc4-fkms-v3d-pi4
overlay|vc4-fkms-v3d|overlays/vc4-fkms-v3d.dtbo|28cb0536449dc907d1300a195ba0be9087d4f47f125c456e2394ab91157d0754|1559|vc4-fkms-v3d
overlay|vc4-kms-dpi-generic|overlays/vc4-kms-dpi-generic.dtbo|7303826e50a82cd9aa460c6fe4afab044d9056c97051c552b3f4429158d237c5|6004|vc4-kms-dpi-generic
overlay|vc4-kms-dpi-hyperpixel2r|overlays/vc4-kms-dpi-hyperpixel2r.dtbo|45be26e934ec5b5de9241fef8a9b218e2c92f178877b210698343e0fcd75e751|3278|vc4-kms-dpi-hyperpixel2r
overlay|vc4-kms-dpi-hyperpixel4|overlays/vc4-kms-dpi-hyperpixel4.dtbo|81b92a48d00a6e44ad971920cfcfe069f123432041c0e5b06a3c70b02410a286|3853|vc4-kms-dpi-hyperpixel4
overlay|vc4-kms-dpi-hyperpixel4sq|overlays/vc4-kms-dpi-hyperpixel4sq.dtbo|1a73ab8297cc352b4493258954eb16236a2fce6085f12321fd114438d6d3d91a|3369|vc4-kms-dpi-hyperpixel4sq
overlay|vc4-kms-dpi-panel|overlays/vc4-kms-dpi-panel.dtbo|e67723386e0fecaedf6b00daa3103a9b7040c675c5f7b2526b82e60cd6eaf527|4234|vc4-kms-dpi-panel
overlay|vc4-kms-dsi-7inch|overlays/vc4-kms-dsi-7inch.dtbo|9367c8e06e0e6c486491761547b254c617a11bf7e1c4212355297342c01e63a8|4215|vc4-kms-dsi-7inch
overlay|vc4-kms-dsi-generic|overlays/vc4-kms-dsi-generic.dtbo|e77e9db5988705d6a08e64a4943d07d5da36d502ff1bab4840af16671719cd64|3136|vc4-kms-dsi-generic
overlay|vc4-kms-dsi-ili9881-5inch|overlays/vc4-kms-dsi-ili9881-5inch.dtbo|855f101ef344209e2cc84f569e798f4a5764f9f4b55bbfa30345df9c8a2598b5|3447|vc4-kms-dsi-ili9881-5inch
overlay|vc4-kms-dsi-ili9881-7inch|overlays/vc4-kms-dsi-ili9881-7inch.dtbo|6b0b5f5e90b2416a08f7743a7bd53122e2cfbbe482cde8d1089129d182b60bfc|3447|vc4-kms-dsi-ili9881-7inch
overlay|vc4-kms-dsi-lt070me05000-v2|overlays/vc4-kms-dsi-lt070me05000-v2.dtbo|f56d9f00705f617b4f5d8aff743ccc0025eba28e7acbe2d77e7770b9a05eccd4|1533|vc4-kms-dsi-lt070me05000-v2
overlay|vc4-kms-dsi-lt070me05000|overlays/vc4-kms-dsi-lt070me05000.dtbo|a0e6b65f64ae953a0c8d52277640f5424ec31bb8b647ac33d1583fd620907516|1963|vc4-kms-dsi-lt070me05000
overlay|vc4-kms-dsi-waveshare-800x480|overlays/vc4-kms-dsi-waveshare-800x480.dtbo|412cf176c1c8f52053e0e2f575b0c0304eba2d76eb6eb39a8c7008ead79fd2a1|4104|vc4-kms-dsi-waveshare-800x480
overlay|vc4-kms-dsi-waveshare-panel-v2|overlays/vc4-kms-dsi-waveshare-panel-v2.dtbo|0f97492a9e7fec52578504d8d60087bec3d8958e30bfa2f4fd5463d6151afe12|4310|vc4-kms-dsi-waveshare-panel-v2
overlay|vc4-kms-dsi-waveshare-panel|overlays/vc4-kms-dsi-waveshare-panel.dtbo|a439c6a9237e1b19413855f00d5b1aa8cfde7ce330e15b0a39ad6650982c7383|4966|vc4-kms-dsi-waveshare-panel
overlay|vc4-kms-kippah-7inch|overlays/vc4-kms-kippah-7inch.dtbo|5d73a115b6280642a25691b39ffc4dfc673997023504c24331e1f9ae97114230|3508|vc4-kms-kippah-7inch
overlay|vc4-kms-v3d-pi4|overlays/vc4-kms-v3d-pi4.dtbo|155ec071f26a8d45c4524ee00c5037ad7ceb8cc81d221640b9d9d7177c416ddf|3913|vc4-kms-v3d-pi4
overlay|vc4-kms-v3d-pi5|overlays/vc4-kms-v3d-pi5.dtbo|10aed8569c51aeeffa7a09c51a45de8dd56c12d6b72f2b93e7f8d19594818e2d|3306|vc4-kms-v3d-pi5
overlay|vc4-kms-v3d|overlays/vc4-kms-v3d.dtbo|a28591cf7daaa1f740351c8ea8e8586e9041dcab7e912fb58186d2b4d8469e56|2760|vc4-kms-v3d
overlay|vc4-kms-vga666|overlays/vc4-kms-vga666.dtbo|7e725cc1fa2cc571f64c1d2cbc663ad4fda12fd00c30b1f1bd32df6d5613cfd0|2326|vc4-kms-vga666
overlay|vec-gpio-pi5|overlays/vec-gpio-pi5.dtbo|cbc8f7b54535aa2ae1adff72f964e6064971e80cb67debd22c7f3144a1b19a8c|1349|vec-gpio-pi5
overlay|vga666|overlays/vga666.dtbo|0a1114fbbf6fd4f34c95fac26ffb71438ff801b46c575f4ca566f8de8f036ec8|758|vga666
overlay|vl805|overlays/vl805.dtbo|6e85ffe23e63f96b7125a469b7157bdcc48230e307065747a845cc7dc952e434|352|vl805
overlay|w1-gpio-pi5|overlays/w1-gpio-pi5.dtbo|3d2372c30a6b5f3d67b7ac8723372a00652f70422bed5c9ca9407ee5cc43343c|1169|w1-gpio-pi5
overlay|w1-gpio-pullup-pi5|overlays/w1-gpio-pullup-pi5.dtbo|cfb3ff2140326857d63294c8f97872f4ed26aacec748dd1366a87a8d979f399e|1304|w1-gpio-pullup-pi5
overlay|w1-gpio-pullup|overlays/w1-gpio-pullup.dtbo|a0414dbe921539de9e0060667a4bf93416d3a00cc6d9116924caf456d2c448e0|1171|w1-gpio-pullup
overlay|w1-gpio|overlays/w1-gpio.dtbo|cb2c36f9ae4a8fca087b40bb0c29fe67fdda2a7f546ceb97c3c189f1fae1ac5c|1036|w1-gpio
overlay|w5500|overlays/w5500.dtbo|d361f2a11dcb83304535f9aadbbd6da1bc4172201fd80e5b1f12c20b0565f13e|1558|w5500
overlay|watterott-display|overlays/watterott-display.dtbo|e64f92719f55aba1b1494735ddce5634175ad07b01789510b12f7d7442486e08|4086|watterott-display
overlay|waveshare-can-fd-hat-mode-a|overlays/waveshare-can-fd-hat-mode-a.dtbo|af98c4b650081b6b8507762bdfe7e2b00530a6b5ccf26b4fbbcbcefebf202abd|3387|waveshare-can-fd-hat-mode-a
overlay|waveshare-can-fd-hat-mode-b|overlays/waveshare-can-fd-hat-mode-b.dtbo|3b12faa480bbbc9b6922e9e75000d19c3843424512e673ab97b5a927e31403ac|2506|waveshare-can-fd-hat-mode-b
overlay|wifimac|overlays/wifimac.dtbo|c84710247e6ead701ba0eec4e8fb2ada4c6ab4acb016d1174fb388213188b672|529|wifimac
overlay|wittypi|overlays/wittypi.dtbo|6db58b2093cee11014b347de9b4a51688aca3b2a3bd84b5959d68a340dec88a2|1056|wittypi
overlay|wm8960-soundcard|overlays/wm8960-soundcard.dtbo|6abddc36f8d2841862eedf45d84fd52659ed1d69453be83bc572fd2e2181a260|2368|wm8960-soundcard
overlay|ws2812-pio|overlays/ws2812-pio.dtbo|258f2ad0aa5bde8b85e73364163a7b6c5448f9c4d455d7883f510291f5210754|1361|ws2812-pio
wifi|rtl8188fu|wifi/rtl8188fu-6.12.61-v7.tar.xz|aab93b032483b59391495055711e804398342ef5549d883ee178a3dc023ca552|80576|Realtek RTL8188EU/FU USB 0bda:8179/f179 (6.12.61-v7)
